{
  "Ansi 2 Color" : {
    "Green Component" : 0.98039215686274506,
    "Red Component" : 0.31372549019607843,
    "Blue Component" : 0.4823529411764706
  },
  "Tags" : [

  ],
  "Ansi 12 Color" : {
    "Green Component" : 0.57647058823529407,
    "Red Component" : 0.74117647058823533,
    "Blue Component" : 0.97647058823529409
  },
  "Right Option Key Sends" : 0,
  "Use Non-ASCII Font" : false,
  "Bold Color" : {
    "Green Component" : 0.90237069129943848,
    "Red Component" : 0.90237069129943848,
    "Blue Component" : 0.90237069129943848
  },
  "Use Custom Tab Title" : true,
  "Normal Font" : "Menlo-Regular 18",
  "Ansi 6 Color" : {
    "Green Component" : 0.9137254901960784,
    "Red Component" : 0.54509803921568623,
    "Blue Component" : 0.99215686274509807
  },
  "Rows" : 25,
  "Default Bookmark" : "No",
  "Ansi 3 Color" : {
    "Green Component" : 0.98039215686274506,
    "Red Component" : 0.94509803921568625,
    "Blue Component" : 0.5490196078431373
  },
  "Custom Tab Title" : "",
  "Cursor Guide Color" : {
    "Red Component" : 0.70213186740875244,
    "Color Space" : "sRGB",
    "Blue Component" : 1,
    "Alpha Component" : 0.25,
    "Green Component" : 0.9268307089805603
  },
  "Non-ASCII Anti Aliased" : true,
  "Use Bright Bold" : true,
  "Ansi 10 Color" : {
    "Green Component" : 0.98039215686274506,
    "Red Component" : 0.31372549019607843,
    "Blue Component" : 0.4823529411764706
  },
  "Ambiguous Double Width" : false,
  "Jobs to Ignore" : [
    "rlogin",
    "ssh",
    "slogin",
    "telnet"
  ],
  "Show Status Bar" : true,
  "Ansi 15 Color" : {
    "Green Component" : 1,
    "Blue Component" : 1,
    "Red Component" : 1
  },
  "Foreground Color" : {
    "Green Component" : 0.90032327175140381,
    "Red Component" : 0.90032327175140381,
    "Blue Component" : 0.90032327175140381
  },
  "Working Directory" : "\/Users\/ngronow",
  "Blinking Cursor" : false,
  "Disable Window Resizing" : true,
  "Sync Title" : false,
  "Prompt Before Closing 2" : 2,
  "BM Growl" : true,
  "Command" : "",
  "Description" : "Default",
  "Mouse Reporting" : true,
  "Screen" : -1,
  "Selection Color" : {
    "Green Component" : 0.27843138575553894,
    "Red Component" : 0.26666668057441711,
    "Blue Component" : 0.35294118523597717
  },
  "Columns" : 80,
  "Idle Code" : 0,
  "Ansi 13 Color" : {
    "Green Component" : 0.47450980392156861,
    "Red Component" : 1,
    "Blue Component" : 0.77647058823529413
  },
  "Custom Command" : "No",
  "ASCII Anti Aliased" : true,
  "Non Ascii Font" : "Monaco 16",
  "Vertical Spacing" : 1,
  "Use Bold Font" : true,
  "Option Key Sends" : 0,
  "Selected Text Color" : {
    "Green Component" : 1,
    "Red Component" : 1,
    "Blue Component" : 1
  },
  "Background Color" : {
    "Red Component" : 0.15686274509803921,
    "Color Space" : "sRGB",
    "Blue Component" : 0.20784313725490197,
    "Alpha Component" : 1,
    "Green Component" : 0.16078431372549021
  },
  "Character Encoding" : 4,
  "Ansi 11 Color" : {
    "Green Component" : 0.98039215686274506,
    "Red Component" : 0.94509803921568625,
    "Blue Component" : 0.5490196078431373
  },
  "Use Italic Font" : true,
  "Unlimited Scrollback" : false,
  "Keyboard Map" : {
    "0xf704-0x20000" : {
      "Text" : "[1;2P",
      "Action" : 10
    },
    "0xf700-0x260000" : {
      "Text" : "[1;6A",
      "Action" : 10
    },
    "0x38-0x40000-0x1c" : {
      "Label" : "",
      "Text" : "[27;5;56~",
      "Action" : 10
    },
    "0xf709-0x20000" : {
      "Text" : "[17;2~",
      "Action" : 10
    },
    "0xf702-0x240000" : {
      "Text" : "[1;5D",
      "Action" : 10
    },
    "0x6c-0x100000-0x25" : {
      "Label" : "",
      "Action" : 19,
      "Text" : ""
    },
    "0xf70c-0x20000" : {
      "Text" : "[20;2~",
      "Action" : 10
    },
    "0xf729-0x20000" : {
      "Text" : "[1;2H",
      "Action" : 10
    },
    "0xf72b-0x40000" : {
      "Text" : "[1;5F",
      "Action" : 10
    },
    "0xf705-0x20000" : {
      "Text" : "[1;2Q",
      "Action" : 10
    },
    "0xf703-0x260000" : {
      "Text" : "[1;6C",
      "Action" : 10
    },
    "0xf700-0x220000" : {
      "Text" : "[1;2A",
      "Action" : 10
    },
    "0xf701-0x280000" : {
      "Text" : "0x1b 0x1b 0x5b 0x42",
      "Action" : 11
    },
    "0x30-0x40000-0x1d" : {
      "Label" : "",
      "Text" : "[27;5;48~",
      "Action" : 10
    },
    "0x35-0x40000-0x17" : {
      "Label" : "",
      "Text" : "[27;5;53~",
      "Action" : 10
    },
    "0x48-0x120000-0x4" : {
      "Label" : "",
      "Action" : 51,
      "Text" : ""
    },
    "0x2d-0x40000-0x0" : {
      "Label" : "",
      "Action" : 10,
      "Text" : "[27;5;47~"
    },
    "0xf703-0x220000" : {
      "Text" : "[1;2C",
      "Action" : 10
    },
    "0xf701-0x240000" : {
      "Text" : "[1;5B",
      "Action" : 10
    },
    "0x4b-0x120000-0x28" : {
      "Label" : "",
      "Action" : 49,
      "Text" : ""
    },
    "0xf70d-0x20000" : {
      "Text" : "[21;2~",
      "Action" : 10
    },
    "0xf702-0x260000" : {
      "Text" : "[1;6D",
      "Action" : 10
    },
    "0x37-0x40000-0x1a" : {
      "Label" : "",
      "Text" : "[27;5;55~",
      "Action" : 10
    },
    "0xf729-0x40000" : {
      "Text" : "[1;5H",
      "Action" : 10
    },
    "0xf706-0x20000" : {
      "Text" : "[1;2R",
      "Action" : 10
    },
    "0x6b-0x100000-0x28" : {
      "Label" : "",
      "Action" : 20,
      "Text" : ""
    },
    "0x39-0x40000-0x19" : {
      "Label" : "",
      "Text" : "[27;5;57~",
      "Action" : 10
    },
    "0xf700-0x280000" : {
      "Text" : "0x1b 0x1b 0x5b 0x41",
      "Action" : 11
    },
    "0x32-0x40000-0x13" : {
      "Label" : "",
      "Text" : "[27;5;50~",
      "Action" : 10
    },
    "0x73-0x100000-0x1" : {
      "Label" : "",
      "Action" : 28,
      "Text" : "768DE78F-3E58-45FC-9B84-D61DA2A8D3C0"
    },
    "0xf70e-0x20000" : {
      "Text" : "[23;2~",
      "Action" : 10
    },
    "0xf702-0x220000" : {
      "Text" : "[1;2D",
      "Action" : 10
    },
    "0xf703-0x280000" : {
      "Text" : "0x1b 0x1b 0x5b 0x43",
      "Action" : 11
    },
    "0xf700-0x240000" : {
      "Text" : "[1;5A",
      "Action" : 10
    },
    "0xf707-0x20000" : {
      "Text" : "[1;2S",
      "Action" : 10
    },
    "0x36-0x40000-0x16" : {
      "Label" : "",
      "Text" : "[27;5;54~",
      "Action" : 10
    },
    "0xf70a-0x20000" : {
      "Text" : "[18;2~",
      "Action" : 10
    },
    "0x34-0x40000-0x15" : {
      "Label" : "",
      "Text" : "[27;5;52~",
      "Action" : 10
    },
    "0xf70f-0x20000" : {
      "Text" : "[24;2~",
      "Action" : 10
    },
    "0x31-0x40000-0x12" : {
      "Label" : "",
      "Text" : "[27;5;49~",
      "Action" : 10
    },
    "0xf703-0x240000" : {
      "Text" : "[1;5C",
      "Action" : 10
    },
    "0xf701-0x260000" : {
      "Text" : "[1;6B",
      "Action" : 10
    },
    "0xf702-0x280000" : {
      "Text" : "0x1b 0x1b 0x5b 0x44",
      "Action" : 11
    },
    "0xf72b-0x20000" : {
      "Text" : "[1;2F",
      "Action" : 10
    },
    "0xf708-0x20000" : {
      "Text" : "[15;2~",
      "Action" : 10
    },
    "0x4a-0x120000-0x26" : {
      "Label" : "",
      "Action" : 50,
      "Text" : ""
    },
    "0x4c-0x120000-0x25" : {
      "Label" : "",
      "Action" : 52,
      "Text" : ""
    },
    "0xf701-0x220000" : {
      "Text" : "[1;2B",
      "Action" : 10
    },
    "0xf70b-0x20000" : {
      "Text" : "[19;2~",
      "Action" : 10
    },
    "0x33-0x40000-0x14" : {
      "Label" : "",
      "Text" : "[27;5;51~",
      "Action" : 10
    },
    "0x6a-0x100000-0x26" : {
      "Label" : "",
      "Action" : 21,
      "Text" : ""
    },
    "0x68-0x100000-0x4" : {
      "Label" : "",
      "Action" : 18,
      "Text" : ""
    }
  },
  "Window Type" : 0,
  "Cursor Boost" : 0,
  "Background Image Location" : "",
  "Blur" : false,
  "Badge Color" : {
    "Red Component" : 1,
    "Color Space" : "sRGB",
    "Blue Component" : 0,
    "Alpha Component" : 0.5,